accuracy,precision,recall,f1_score
0.9974454662579413,0.9940686884148091,0.9949253159708924,0.9944968177250323
