accuracy,precision,recall,f1_score,roc_auc,pr_auc,tn,fp,fn,tp
0.9975182683027712,0.9983900541120702,0.991208986369489,0.9947865609125747,0.9995722790451109,0.9991552159902257,71730,36,198,22325
